<Events><Event><System><Provider Name="IIS AspNetCore Module V2"/><EventID>1033</EventID><Level>4</Level><Task>0</Task><Keywords>Keywords</Keywords><TimeCreated SystemTime="2025-12-23T11:47:23Z"/><EventRecordID>190677328</EventRecordID><Channel>Application</Channel><Computer>10-30-17-73</Computer><Security/></System><EventData><Data>Application 'MACHINE/WEBROOT/APPHOST/MAWSFNPLACEHOLDER286_F_V4_DOTNET-ISOLATED_8.0_X64' has shutdown.</Data><Data>Process Id: 2476.</Data><Data>File Version: 18.0.25301.22. Description: IIS ASP.NET Core Module V2 Request Handler. Commit: </Data></EventData></Event><Event><System><Provider Name="IIS AspNetCore Module V2"/><EventID>1032</EventID><Level>4</Level><Task>0</Task><Keywords>Keywords</Keywords><TimeCreated SystemTime="2025-12-23T12:30:24Z"/><EventRecordID>62162078</EventRecordID><Channel>Application</Channel><Computer>10-30-14-196</Computer><Security/></System><EventData><Data>Application 'C:\Program Files (x86)\SiteExtensions\Functions\4.1045.200\64bit\' started successfully.</Data><Data>Process Id: 5296.</Data><Data>File Version: 18.0.25301.22. Description: IIS ASP.NET Core Module V2 Request Handler. Commit: </Data></EventData></Event><Event><System><Provider Name="IIS AspNetCore Module V2"/><EventID>1033</EventID><Level>4</Level><Task>0</Task><Keywords>Keywords</Keywords><TimeCreated SystemTime="2025-12-23T12:56:21Z"/><EventRecordID>63719859</EventRecordID><Channel>Application</Channel><Computer>10-30-14-196</Computer><Security/></System><EventData><Data>Application 'MACHINE/WEBROOT/APPHOST/NBOV-RESUME-FUNC-ISO-960' has shutdown.</Data><Data>Process Id: 5296.</Data><Data>File Version: 18.0.25301.22. Description: IIS ASP.NET Core Module V2 Request Handler. Commit: </Data></EventData></Event><Event><System><Provider Name="IIS AspNetCore Module V2"/><EventID>1032</EventID><Level>4</Level><Task>0</Task><Keywords>Keywords</Keywords><TimeCreated SystemTime="2025-12-23T13:41:21Z"/><EventRecordID>218357890</EventRecordID><Channel>Application</Channel><Computer>10-30-10-108</Computer><Security/></System><EventData><Data>Application 'C:\Program Files (x86)\SiteExtensions\Functions\4.1045.200\64bit\' started successfully.</Data><Data>Process Id: 5472.</Data><Data>File Version: 18.0.25301.22. Description: IIS ASP.NET Core Module V2 Request Handler. Commit: </Data></EventData></Event><Event><System><Provider Name="IIS AspNetCore Module V2"/><EventID>1033</EventID><Level>4</Level><Task>0</Task><Keywords>Keywords</Keywords><TimeCreated SystemTime="2025-12-23T13:51:54Z"/><EventRecordID>218990281</EventRecordID><Channel>Application</Channel><Computer>10-30-10-108</Computer><Security/></System><EventData><Data>Application 'MACHINE/WEBROOT/APPHOST/NBOV-RESUME-FUNC-ISO-960' has shutdown.</Data><Data>Process Id: 5472.</Data><Data>File Version: 18.0.25301.22. Description: IIS ASP.NET Core Module V2 Request Handler. Commit: </Data></EventData></Event><Event><System><Provider Name="IIS AspNetCore Module V2"/><EventID>1032</EventID><Level>4</Level><Task>0</Task><Keywords>Keywords</Keywords><TimeCreated SystemTime="2025-12-23T13:52:22Z"/><EventRecordID>219019187</EventRecordID><Channel>Application</Channel><Computer>10-30-10-108</Computer><Security/></System><EventData><Data>Application 'C:\Program Files (x86)\SiteExtensions\Functions\4.1045.200\64bit\' started successfully.</Data><Data>Process Id: 6116.</Data><Data>File Version: 18.0.25301.22. Description: IIS ASP.NET Core Module V2 Request Handler. Commit: </Data></EventData></Event><Event><System><Provider Name="IIS AspNetCore Module V2"/><EventID>1033</EventID><Level>4</Level><Task>0</Task><Keywords>Keywords</Keywords><TimeCreated SystemTime="2025-12-23T13:58:24Z"/><EventRecordID>219380375</EventRecordID><Channel>Application</Channel><Computer>10-30-10-108</Computer><Security/></System><EventData><Data>Application 'MACHINE/WEBROOT/APPHOST/NBOV-RESUME-FUNC-ISO-960' has shutdown.</Data><Data>Process Id: 6116.</Data><Data>File Version: 18.0.25301.22. Description: IIS ASP.NET Core Module V2 Request Handler. Commit: </Data></EventData></Event></Events>