﻿<?xml version="1.0" encoding="utf-8"?>
<deployment>
  <id>51667a3752214b43bf00c384c89270a5</id>
  <author>N/A</author>
  <deployer>ZipDeploy</deployer>
  <authorEmail>N/A</authorEmail>
  <message>Created via a push deployment</message>
  <progress></progress>
  <status>Success</status>
  <statusText></statusText>
  <lastSuccessEndTime>2025-12-23T13:52:12.5443772Z</lastSuccessEndTime>
  <receivedTime>2025-12-23T13:52:09.8568398Z</receivedTime>
  <startTime>2025-12-23T13:52:10.8568488Z</startTime>
  <endTime>2025-12-23T13:52:12.5443772Z</endTime>
  <complete>True</complete>
  <is_temp>False</is_temp>
  <is_readonly>True</is_readonly>
  <project_type>Run-From-Zip</project_type>
  <vsproject_id></vsproject_id>
</deployment>