﻿<?xml version="1.0" encoding="utf-8"?>
<deployment>
  <id>42b30acf12294d159ca2a17f6c65c2fe</id>
  <author>N/A</author>
  <deployer>ZipDeploy</deployer>
  <authorEmail>N/A</authorEmail>
  <message>Created via a push deployment</message>
  <progress></progress>
  <status>Success</status>
  <statusText></statusText>
  <lastSuccessEndTime>2025-12-23T11:26:01.8678486Z</lastSuccessEndTime>
  <receivedTime>2025-12-23T11:25:59.4459189Z</receivedTime>
  <startTime>2025-12-23T11:26:00.243281Z</startTime>
  <endTime>2025-12-23T11:26:01.8678486Z</endTime>
  <complete>True</complete>
  <is_temp>False</is_temp>
  <is_readonly>True</is_readonly>
  <project_type>Run-From-Zip</project_type>
  <vsproject_id></vsproject_id>
</deployment>