<step title="Incoming Request" date="2025-12-23T11:25:56.302" instance="20bd54" url="/api/zipdeploy" method="POST" type="request" pid="4992,2,8" Content-Length="13190255" Content-Type="application/zip" Authorization="Bea..." Host="nbov-resume-func-iso-960.scm.azurewebsites.net" If-Match="*" User-Agent="functions-core-tools/4.6.0" X-ARR-LOG-ID="8fdd15d5-7cf6-489b-8827-cbcb89b1ffdd" CLIENT-IP="91.183.80.34:58207" X-SITE-DEPLOYMENT-ID="nbov-resume-func-iso-960" WAS-DEFAULT-HOSTNAME="nbov-resume-func-iso-960.scm.azurewebsites.net" X-Forwarded-Proto="https" X-AppService-Proto="https" X-Forwarded-TlsVersion="1.2" X-WAWS-Unencoded-URL="/api/zipdeploy" >
  <step title="ZipPushDeploy" date="2025-12-23T11:25:56.443" >
    <step title="Functions App ZipDeploy. Run from package." date="2025-12-23T11:25:56.537" /><!-- duration: 31ms -->
    <step title="Starting PushDeployAsync" date="2025-12-23T11:25:56.599" /><!-- duration: 31ms -->
    <step title="Updating shutdown sentinel last write time" date="2025-12-23T11:25:56.755" SemaphoreCount="7" /><!-- duration: 31ms -->
    <step title="LockFile &apos;C:\home\site\locks\deployments.lock&apos; acquired" date="2025-12-23T11:25:56.818" /><!-- duration: 16ms -->
    <step title="Saving request content to C:\home\data\SitePackages\20251223112556.zip" date="2025-12-23T11:25:56.880" >
      <step title="Total 13,190,255 bytes written to C:\home\data\SitePackages\20251223112556.zip" date="2025-12-23T11:25:57.193" /><!-- duration: 16ms -->
    </step><!-- duration: 938ms -->
    <step title="LockFile &apos;C:\home\site\locks\deployments.lock&apos; released" date="2025-12-23T11:25:57.849" /><!-- duration: 31ms -->
    <step title="Deleting shutdown sentinel file" date="2025-12-23T11:25:57.927" SemaphoreCount="8" /><!-- duration: 31ms -->
    <step title="Starting FetchDeploy" date="2025-12-23T11:25:58.006" /><!-- duration: 16ms -->
    <step title="Attempting to fetch target branch HEAD" date="2025-12-23T11:25:58.052" /><!-- duration: 31ms -->
    <step title="Updating shutdown sentinel last write time" date="2025-12-23T11:25:58.131" SemaphoreCount="7" /><!-- duration: 31ms -->
    <step title="LockFile &apos;C:\home\site\locks\deployments.lock&apos; acquired" date="2025-12-23T11:25:58.177" /><!-- duration: 31ms -->
    <step title="Performing fetch based deployment" date="2025-12-23T11:25:58.256" >
      <step title="Creating temporary deployment" date="2025-12-23T11:25:58.287" /><!-- duration: 188ms -->
      <step title="Fetching changes." date="2025-12-23T11:25:58.771" /><!-- duration: 31ms -->
      <step title="Starting LocalZipHandler" date="2025-12-23T11:25:58.898" /><!-- duration: 31ms -->
      <step title="Starting ExtractTriggers" date="2025-12-23T11:25:58.960" /><!-- duration: 32ms -->
      <step title="None repository commit" date="2025-12-23T11:25:59.117" >
        <step title="Commit id: 42b30acf12294d159ca2a17f6c65c2fe" date="2025-12-23T11:25:59.149" Message="Created via a push deployment" AuthorName="N/A" AuthorEmail="N/A" /><!-- duration: 16ms -->
      </step><!-- duration: 78ms -->
      <step title="Before sending BuildRequestReceived status to /api/updatedeploystatus" date="2025-12-23T11:25:59.227" /><!-- duration: 31ms -->
      <step title="DeploymentManager.Deploy(id:42b30acf12294d159ca2a17f6c65c2fe)" date="2025-12-23T11:25:59.289" >
        <step title="Collecting changeset information" date="2025-12-23T11:25:59.352" /><!-- duration: 219ms -->
        <step title="Updating submodules" date="2025-12-23T11:25:59.602" >
          <step title="Updating submodules." date="2025-12-23T11:25:59.820" /><!-- duration: 16ms -->
        </step><!-- duration: 281ms -->
        <step title="Preparing deployment for commit id &apos;42b30acf12&apos;." date="2025-12-23T11:26:00.102" /><!-- duration: 31ms -->
        <step title="Determining deployment builder" date="2025-12-23T11:26:00.367" >
          <step title="Builder is RunFromZipSiteBuilder" date="2025-12-23T11:26:00.399" /><!-- duration: 31ms -->
        </step><!-- duration: 94ms -->
        <step title="Copying SSH keys" date="2025-12-23T11:26:00.539" /><!-- duration: 31ms -->
        <step title="Building" date="2025-12-23T11:26:00.602" >
          <step title="Skipping build. Project type: Run-From-Zip" date="2025-12-23T11:26:00.852" /><!-- duration: 16ms -->
          <step title="Skipping post build. Project type: Run-From-Zip" date="2025-12-23T11:26:01.117" /><!-- duration: 31ms -->
          <step title="Triggering recycle (preview mode disabled)." date="2025-12-23T11:26:01.430" /><!-- duration: 16ms -->
          <step title="Ignoring FS watcher based recycle request as this is a classic Windows app." date="2025-12-23T11:26:01.492" /><!-- duration: 31ms -->
          <step title="Deployment successful. DEPLOYMENTINFO: deploymentPath = Functions App ZipDeploy. Run from package., deployer = ZipDeploy, os = windows, sku = Dynamic, language = dotnet-isolated, siteName = nbov-resume-func-iso-960, slotName = Production, siteHostName = nbov-resume-func-iso-960.azurewebsites.net, deploymentStatus = Success" date="2025-12-23T11:26:01.742" /><!-- duration: 16ms -->
        </step><!-- duration: 1734ms -->
      </step><!-- duration: 3078ms -->
      <step title="Cleaning up temp files" date="2025-12-23T11:26:02.383" /><!-- duration: 31ms -->
      <step title="Updating C:\home\data\SitePackages\packagename.txt with deployment 20251223112556.zip" date="2025-12-23T11:26:02.445" /><!-- duration: 47ms -->
      <step title="Begin HttpPost https://nbov-resume-func-iso-960.scm.azurewebsites.net/operations/settriggers, x-ms-request-id: 8fdd15d5-7cf6-489b-8827-cbcb89b1ffdd" date="2025-12-23T11:26:02.602" /><!-- duration: 31ms -->
      <step title="End HttpPost, status: OK" date="2025-12-23T11:26:03.074" /><!-- duration: 28ms -->
      <step title="Scheduling background sync triggers after delay" date="2025-12-23T11:26:03.133" /><!-- duration: 16ms -->
    </step><!-- duration: 5143ms -->
    <step title="LockFile &apos;C:\home\site\locks\deployments.lock&apos; released" date="2025-12-23T11:26:03.430" /><!-- duration: 31ms -->
  </step><!-- duration: 7081ms -->
  <step title="Outgoing response" date="2025-12-23T11:26:03.539" type="response" statusCode="200" statusText="OK" Server="Microsoft-IIS/10.0" x-ms-request-id="8fdd15d5-7cf6-489b-8827-cbcb89b1ffdd" Cache-Control="private" X-AspNet-Version="4.0.30319" /><!-- duration: 31ms -->
</step><!-- duration: 7284ms -->
