<step title="Incoming Request" date="2025-12-23T13:52:06.665" instance="c933ad" url="/api/zipdeploy" method="POST" type="request" pid="6888,2,7" Content-Length="13190255" Content-Type="application/zip" Authorization="Bea..." Host="nbov-resume-func-iso-960.scm.azurewebsites.net" If-Match="*" User-Agent="functions-core-tools/4.6.0" X-ARR-LOG-ID="14673170-4fd1-4d9c-bedb-662bf8b881c0" CLIENT-IP="91.183.80.34:59244" X-SITE-DEPLOYMENT-ID="nbov-resume-func-iso-960" WAS-DEFAULT-HOSTNAME="nbov-resume-func-iso-960.scm.azurewebsites.net" X-Forwarded-Proto="https" X-AppService-Proto="https" X-Forwarded-TlsVersion="1.2" X-WAWS-Unencoded-URL="/api/zipdeploy" >
  <step title="ZipPushDeploy" date="2025-12-23T13:52:06.755" >
    <step title="Functions App ZipDeploy. Run from package." date="2025-12-23T13:52:06.801" /><!-- duration: 16ms -->
    <step title="Starting PushDeployAsync" date="2025-12-23T13:52:06.848" /><!-- duration: 16ms -->
    <step title="Updating shutdown sentinel last write time" date="2025-12-23T13:52:06.973" SemaphoreCount="7" /><!-- duration: 31ms -->
    <step title="LockFile &apos;C:\home\site\locks\deployments.lock&apos; acquired" date="2025-12-23T13:52:07.020" /><!-- duration: 16ms -->
    <step title="Saving request content to C:\home\data\SitePackages\20251223135206.zip" date="2025-12-23T13:52:07.083" >
      <step title="Total 13,190,255 bytes written to C:\home\data\SitePackages\20251223135206.zip" date="2025-12-23T13:52:07.442" /><!-- duration: 16ms -->
    </step><!-- duration: 1180ms -->
    <step title="LockFile &apos;C:\home\site\locks\deployments.lock&apos; released" date="2025-12-23T13:52:08.294" /><!-- duration: 16ms -->
    <step title="Deleting shutdown sentinel file" date="2025-12-23T13:52:08.356" SemaphoreCount="8" /><!-- duration: 31ms -->
    <step title="Starting FetchDeploy" date="2025-12-23T13:52:08.419" /><!-- duration: 16ms -->
    <step title="Attempting to fetch target branch HEAD" date="2025-12-23T13:52:08.466" /><!-- duration: 16ms -->
    <step title="Updating shutdown sentinel last write time" date="2025-12-23T13:52:08.544" SemaphoreCount="7" /><!-- duration: 16ms -->
    <step title="LockFile &apos;C:\home\site\locks\deployments.lock&apos; acquired" date="2025-12-23T13:52:08.591" /><!-- duration: 16ms -->
    <step title="Performing fetch based deployment" date="2025-12-23T13:52:08.653" >
      <step title="Creating temporary deployment" date="2025-12-23T13:52:08.669" /><!-- duration: 219ms -->
      <step title="Fetching changes." date="2025-12-23T13:52:09.184" /><!-- duration: 31ms -->
      <step title="Starting LocalZipHandler" date="2025-12-23T13:52:09.278" /><!-- duration: 31ms -->
      <step title="Starting ExtractTriggers" date="2025-12-23T13:52:09.356" /><!-- duration: 16ms -->
      <step title="None repository commit" date="2025-12-23T13:52:09.528" >
        <step title="Commit id: 51667a3752214b43bf00c384c89270a5" date="2025-12-23T13:52:09.559" Message="Created via a push deployment" AuthorName="N/A" AuthorEmail="N/A" /><!-- duration: 31ms -->
      </step><!-- duration: 78ms -->
      <step title="Before sending BuildRequestReceived status to /api/updatedeploystatus" date="2025-12-23T13:52:09.638" /><!-- duration: 31ms -->
      <step title="DeploymentManager.Deploy(id:51667a3752214b43bf00c384c89270a5)" date="2025-12-23T13:52:09.700" >
        <step title="Collecting changeset information" date="2025-12-23T13:52:09.747" /><!-- duration: 219ms -->
        <step title="Updating submodules" date="2025-12-23T13:52:10.013" >
          <step title="Updating submodules." date="2025-12-23T13:52:10.294" /><!-- duration: 62ms -->
        </step><!-- duration: 391ms -->
        <step title="Preparing deployment for commit id &apos;51667a3752&apos;." date="2025-12-23T13:52:10.669" /><!-- duration: 31ms -->
        <step title="Determining deployment builder" date="2025-12-23T13:52:10.981" >
          <step title="Builder is RunFromZipSiteBuilder" date="2025-12-23T13:52:11.013" /><!-- duration: 31ms -->
        </step><!-- duration: 94ms -->
        <step title="Copying SSH keys" date="2025-12-23T13:52:11.200" /><!-- duration: 31ms -->
        <step title="Building" date="2025-12-23T13:52:11.278" >
          <step title="Skipping build. Project type: Run-From-Zip" date="2025-12-23T13:52:11.513" /><!-- duration: 16ms -->
          <step title="Skipping post build. Project type: Run-From-Zip" date="2025-12-23T13:52:11.778" /><!-- duration: 31ms -->
          <step title="Triggering recycle (preview mode disabled)." date="2025-12-23T13:52:12.060" /><!-- duration: 16ms -->
          <step title="Ignoring FS watcher based recycle request as this is a classic Windows app." date="2025-12-23T13:52:12.122" /><!-- duration: 31ms -->
          <step title="Deployment successful. DEPLOYMENTINFO: deploymentPath = Functions App ZipDeploy. Run from package., deployer = ZipDeploy, os = windows, sku = Dynamic, language = dotnet-isolated, siteName = nbov-resume-func-iso-960, slotName = Production, siteHostName = nbov-resume-func-iso-960.azurewebsites.net, deploymentStatus = Success" date="2025-12-23T13:52:12.388" /><!-- duration: 31ms -->
        </step><!-- duration: 1734ms -->
      </step><!-- duration: 3344ms -->
      <step title="Cleaning up temp files" date="2025-12-23T13:52:13.075" /><!-- duration: 31ms -->
      <step title="Updating C:\home\data\SitePackages\packagename.txt with deployment 20251223135206.zip" date="2025-12-23T13:52:13.122" /><!-- duration: 78ms -->
      <step title="Begin HttpPost https://nbov-resume-func-iso-960.scm.azurewebsites.net/operations/settriggers, x-ms-request-id: 14673170-4fd1-4d9c-bedb-662bf8b881c0" date="2025-12-23T13:52:13.294" /><!-- duration: 31ms -->
      <step title="End HttpPost, status: OK" date="2025-12-23T13:52:13.747" /><!-- duration: 16ms -->
      <step title="Scheduling background sync triggers after delay" date="2025-12-23T13:52:13.794" /><!-- duration: 31ms -->
    </step><!-- duration: 5408ms -->
    <step title="LockFile &apos;C:\home\site\locks\deployments.lock&apos; released" date="2025-12-23T13:52:14.106" /><!-- duration: 31ms -->
  </step><!-- duration: 7430ms -->
  <step title="Outgoing response" date="2025-12-23T13:52:14.200" type="response" statusCode="200" statusText="OK" Server="Microsoft-IIS/10.0" x-ms-request-id="14673170-4fd1-4d9c-bedb-662bf8b881c0" Cache-Control="private" X-AspNet-Version="4.0.30319" /><!-- duration: 31ms -->
</step><!-- duration: 7598ms -->
