{"TimeStamp":"2025-12-23T13:52:12Z","SiteName":"nbov-resume-func-iso-960","RequestId":"14673170-4fd1-4d9c-bedb-662bf8b881c0","Kind":"ZipDeploy","Status":"Success","Details":"{\"Id\":\"51667a3752214b43bf00c384c89270a5\",\"Status\":4,\"StatusText\":\"\",\"AuthorEmail\":\"N/A\",\"Author\":\"N/A\",\"Message\":\"Created via a push deployment\",\"Progress\":\"\",\"Deployer\":\"ZipDeploy\",\"ReceivedTime\":\"2025-12-23T13:52:09.8568398Z\",\"StartTime\":\"2025-12-23T13:52:10.8568488Z\",\"EndTime\":\"2025-12-23T13:52:12.5443772Z\",\"LastSuccessEndTime\":\"2025-12-23T13:52:12.5443772Z\",\"Complete\":true,\"IsTemporary\":false,\"IsReadOnly\":true,\"SiteName\":\"nbov-resume-func-iso-960\",\"HostName\":\"nbov-resume-func-iso-960.scm.azurewebsites.net\",\"ProjectType\":\"Run-From-Zip\",\"VsProjectId\":null}"}